-- MySQL dump 10.13  Distrib 8.0.43, for Win64 (x86_64)
--
-- Host: localhost    Database: stock_forecasting
-- ------------------------------------------------------
-- Server version	8.0.43

/*!40101 SET @OLD_CHARACTER_SET_CLIENT=@@CHARACTER_SET_CLIENT */;
/*!40101 SET @OLD_CHARACTER_SET_RESULTS=@@CHARACTER_SET_RESULTS */;
/*!40101 SET @OLD_COLLATION_CONNECTION=@@COLLATION_CONNECTION */;
/*!50503 SET NAMES utf8mb4 */;
/*!40103 SET @OLD_TIME_ZONE=@@TIME_ZONE */;
/*!40103 SET TIME_ZONE='+00:00' */;
/*!40014 SET @OLD_UNIQUE_CHECKS=@@UNIQUE_CHECKS, UNIQUE_CHECKS=0 */;
/*!40014 SET @OLD_FOREIGN_KEY_CHECKS=@@FOREIGN_KEY_CHECKS, FOREIGN_KEY_CHECKS=0 */;
/*!40101 SET @OLD_SQL_MODE=@@SQL_MODE, SQL_MODE='NO_AUTO_VALUE_ON_ZERO' */;
/*!40111 SET @OLD_SQL_NOTES=@@SQL_NOTES, SQL_NOTES=0 */;

--
-- Table structure for table `assets`
--

DROP TABLE IF EXISTS `assets`;
/*!40101 SET @saved_cs_client     = @@character_set_client */;
/*!50503 SET character_set_client = utf8mb4 */;
CREATE TABLE `assets` (
  `name` varchar(100) NOT NULL,
  `Ticker` varchar(10) DEFAULT NULL,
  PRIMARY KEY (`name`)
) ENGINE=InnoDB DEFAULT CHARSET=utf8mb4 COLLATE=utf8mb4_0900_ai_ci;
/*!40101 SET character_set_client = @saved_cs_client */;

--
-- Dumping data for table `assets`
--

LOCK TABLES `assets` WRITE;
/*!40000 ALTER TABLE `assets` DISABLE KEYS */;
INSERT INTO `assets` VALUES ('Banco do Brasil','BBAS3'),('Gold','GC=F'),('Marfrig','MRFG3'),('Oil','CL=F'),('SLC Agrícola','SLCE3'),('Soy','ZS=F'),('USD/BRL','USDBRL=X');
/*!40000 ALTER TABLE `assets` ENABLE KEYS */;
UNLOCK TABLES;

--
-- Table structure for table `news`
--

DROP TABLE IF EXISTS `news`;
/*!40101 SET @saved_cs_client     = @@character_set_client */;
/*!50503 SET character_set_client = utf8mb4 */;
CREATE TABLE `news` (
  `id` int NOT NULL AUTO_INCREMENT,
  `title` varchar(255) NOT NULL,
  `date` date NOT NULL,
  `emotion` enum('very positive','positive','neutral','negative','very negative') NOT NULL,
  `assetName` varchar(100) NOT NULL,
  PRIMARY KEY (`id`),
  KEY `assetName` (`assetName`),
  CONSTRAINT `news_ibfk_1` FOREIGN KEY (`assetName`) REFERENCES `assets` (`name`)
) ENGINE=InnoDB AUTO_INCREMENT=667 DEFAULT CHARSET=utf8mb4 COLLATE=utf8mb4_0900_ai_ci;
/*!40101 SET character_set_client = @saved_cs_client */;

--
-- Dumping data for table `news`
--

LOCK TABLES `news` WRITE;
/*!40000 ALTER TABLE `news` DISABLE KEYS */;
INSERT INTO `news` VALUES (1,'Banco do Brasil começa a semana no foco do mercado após cair quase 7% na sexta-feira','2025-08-04','negative','Banco do Brasil'),(2,'Entenda a desvalorização de quase 7% do Banco do Brasil no Ibovespa','2025-08-01','negative','Banco do Brasil'),(3,'Pix: em dia de investigação sobre meio de pagamento bolsa cai assim como ações dos bancões','2025-07-16','negative','Banco do Brasil'),(4,'Tarifas, BB, Mundial e mais: um resumo da semana um resumo para você em 5 pontos','2025-07-13','neutral','Banco do Brasil'),(5,'Qual bancão está mais atrativo agora? Veja o raio-x técnico de ITUB4, BBAS3 e BBDC4','2025-08-07','neutral','Banco do Brasil'),(6,'Banco do Brasil (BBAS3) acumula perdas no ano; não há sinal de reversão; veja análise','2025-07-30','negative','Banco do Brasil'),(7,'De LREN3 a BBAS3: os possíveis destaques positivos e negativos na temporada do 2º tri','2025-07-23','neutral','Banco do Brasil'),(8,'Bradesco (BBDC4) e BB (BBAS3) negam ter recebido proposta formal do iFood pela Alelo','2025-07-24','neutral','Banco do Brasil'),(9,'Investidor estrangeiro movimenta R$ 1,4 trilhão na Bolsa no 1º semestre','2025-07-31','positive','Banco do Brasil'),(10,'Banco do Brasil (BBAS3) anuncia 5 novos nomes para comando de empresas do grupo','2025-07-21','positive','Banco do Brasil'),(11,'BBAS3: quão ruim o 2T será? Mercado piora projeções e vê outro “vilão” além do agro','2025-07-16','very negative','Banco do Brasil'),(12,'BBAS3: piora no rural não acabou e Bradesco BBI corta projeções – e vê BBSE3 afetada','2025-07-30','very negative','Banco do Brasil'),(13,'BBAS3: o que fez a ação do Banco do Brasil sair da estabilidade e cair 7% nesta sexta','2025-08-01','negative','Banco do Brasil'),(14,'Ações do BB caem mais de 2% após J.P. Morgan cortar preço-alvo e mostrar preocupação com o banco','2025-07-16','negative','Banco do Brasil'),(15,'Confira as seis ações de dividendos mais recomendadas para investir em agosto','2025-08-05','positive','Banco do Brasil'),(16,'Quando a Petrobras (PETR4) paga dividendos em 2025? Veja como receber renda todo mês','2025-08-07','positive','Banco do Brasil'),(17,'Banco do Brasil, Bradesco, Azul, Taurus, Brava e mais ações para acompanhar hoje','2025-07-24','neutral','Banco do Brasil'),(18,'Petrobras, BB, Rede D’Or, Fleury, Ambev e mais ações para acompanhar hoje','2025-07-21','neutral','Banco do Brasil'),(19,'Crédito desacelera, inadimplência elevada: os dados do BC que desanimaram os bancos','2025-07-29','negative','Banco do Brasil'),(20,'Banco do Brasil: JPMorgan revisa projeções e corta preço-alvo após lucro de maio','2025-08-08','negative','Banco do Brasil'),(21,'Quais ações para atravessar turbulência recente? BBI aposta em pagadoras de dividendo','2025-07-28','positive','Banco do Brasil'),(22,'Ação do Banco do Brasil reage e sobe até 3% após tombo com receios sobre 2º tri','2025-08-04','positive','Banco do Brasil'),(23,'BB em baixa, Itaú em alta: o que BC disse sobre bancos que ainda não soltaram balanço','2025-08-04','negative','Banco do Brasil'),(24,'Ibovespa tem 7 baixas seguidas e tem mais longa série negativa desde agosto de 2023','2025-07-15','negative','Banco do Brasil'),(25,'Criptos tomam emprestada a confiança nos bancões para avançar no Brasil','2025-07-24','positive','Banco do Brasil'),(26,'BB de um lado, Itaú do outro: o que você precisa saber do 2T dos bancos em 8 pontos','2025-07-29','neutral','Banco do Brasil'),(29,'Marfrig eleva participação na BRF para 58,87% em meio a impasse sobre fusão','2025-07-13','neutral','Marfrig'),(30,'Cemig, Azul, WEG, BRF, Marfrig e mais ações para acompanhar hoje','2025-08-04','neutral','Marfrig'),(31,'Grupo de controle passa a deter 75,33% da Marfrig (MRFG3)','2025-07-15','neutral','Marfrig'),(32,'Conclusão breve para fusão BRF-Marfrig no Cade se torna mais improvável','2025-07-18','negative','Marfrig'),(33,'Marfrig, BRF e Minerva caem até 10% na B3 – setor aparece como perdedor com tarifaço','2025-07-31','very negative','Marfrig'),(34,'Previ vende fatia na BRF por R$ 1,9 bi e vê riscos com fusão; ação BRFS3 cai 4,55%','2025-07-14','negative','Marfrig'),(35,'Marfrig e BRF sobem com reavaliação do efeito do tarifaço; Embraer cai após euforia','2025-08-01','negative','Marfrig'),(36,'Marfrig e BRF aprovam fusão em assembleias: como os analistas veem as ações?','2025-08-06','positive','Marfrig'),(37,'Marfrig, BRF, Tim, B3, BrasilAgro e mais ações para acompanhar hoje','2025-07-15','neutral','Marfrig'),(38,'Marfrig suspende produção para os EUA em meio ao tarifaço de Trump, diz jornal','2025-07-30','negative','Marfrig'),(39,'Apesar de grandes RJs, não há crise estrutural no agronegócio, dizem especialistas','2025-07-26','neutral','SLC Agrícola'),(40,'Clã da SLC constrói império agrícola com valorização de 935%','2025-08-08','positive','SLC Agrícola'),(41,'SLC Agrícola, o \'Rei do Agro\', investe R$ 900 milhões para ter 53.200 hectares irrigados','2025-07-18','positive','SLC Agrícola'),(42,'O ‘berço’ da SLC Agrícola (SLCE3) e a história da ‘cultura mais rentável do Brasil','2025-07-17','positive','SLC Agrícola'),(43,'SLC deflagra megaprojeto de R$ 900 milhões para irrigar o oeste baiano','2025-07-15','positive','SLC Agrícola'),(44,'CEO da SLC Agrícola critica ‘viés político’ da Europa e diz que Brasil ‘não precisa mais desmatar’','2025-07-17','neutral','SLC Agrícola'),(45,'Ágora recomenda ações da SLC Agrícola (SLCE3) para ganho de até 4,02% hoje (30); veja a operação','2025-07-30','positive','SLC Agrícola'),(46,'É hora de adicionar SLC Agrícola (SLCE3) na carteira e três analistas dizem o que chama atenção nas ações','2025-07-11','positive','SLC Agrícola'),(47,'Santander corta projeção da SLC Agrícola (SLCE3), mas eleva preço-alvo das ações; entenda','2025-07-29','neutral','SLC Agrícola'),(48,'Citi faz previsão para balanço da SLC Agrícola (SLCE3) no 2º trimestre, final de 2025 e 2026; confira','2025-07-28','neutral','SLC Agrícola'),(49,'‘Somente com o agro o Brasil não se transformará em país rico’, diz CEO da SLC Agrícola','2025-07-20','neutral','SLC Agrícola'),(50,'SLC (SLCE3) | Prévia de resultados do 2T25: Trimestre fácil, caminho difícil','2025-08-05','neutral','SLC Agrícola'),(51,'BB-BI comenta iniciativas trazidas no Farm Day da SLC Agrícola (SLCE3)','2025-07-11','neutral','SLC Agrícola'),(52,'S&P eleva rating global da BRF (BRFS3) após fusão com a Marfrig (MRFG3); confira os detalhes','2025-08-08','positive','Marfrig'),(607,'Preenchimento de lacuna','2025-07-11','neutral','Banco do Brasil'),(608,'Preenchimento de lacuna','2025-07-12','neutral','Banco do Brasil'),(609,'Preenchimento de lacuna','2025-07-14','neutral','Banco do Brasil'),(610,'Preenchimento de lacuna','2025-07-17','negative','Banco do Brasil'),(611,'Preenchimento de lacuna','2025-07-18','negative','Banco do Brasil'),(612,'Preenchimento de lacuna','2025-07-19','negative','Banco do Brasil'),(613,'Preenchimento de lacuna','2025-07-20','negative','Banco do Brasil'),(614,'Preenchimento de lacuna','2025-07-22','positive','Banco do Brasil'),(615,'Preenchimento de lacuna','2025-07-25','neutral','Banco do Brasil'),(616,'Preenchimento de lacuna','2025-07-26','neutral','Banco do Brasil'),(617,'Preenchimento de lacuna','2025-07-27','neutral','Banco do Brasil'),(618,'Preenchimento de lacuna','2025-08-02','negative','Banco do Brasil'),(619,'Preenchimento de lacuna','2025-08-03','negative','Banco do Brasil'),(620,'Preenchimento de lacuna','2025-08-06','positive','Banco do Brasil'),(621,'Preenchimento de lacuna','2025-08-09','negative','Banco do Brasil'),(622,'Preenchimento de lacuna','2025-08-10','negative','Banco do Brasil'),(623,'Preenchimento de lacuna','2025-08-11','negative','Banco do Brasil'),(624,'Preenchimento de lacuna','2025-07-11','neutral','Marfrig'),(625,'Preenchimento de lacuna','2025-07-12','neutral','Marfrig'),(626,'Preenchimento de lacuna','2025-07-16','neutral','Marfrig'),(627,'Preenchimento de lacuna','2025-07-17','neutral','Marfrig'),(628,'Preenchimento de lacuna','2025-07-19','negative','Marfrig'),(629,'Preenchimento de lacuna','2025-07-20','negative','Marfrig'),(630,'Preenchimento de lacuna','2025-07-21','negative','Marfrig'),(631,'Preenchimento de lacuna','2025-07-22','negative','Marfrig'),(632,'Preenchimento de lacuna','2025-07-23','negative','Marfrig'),(633,'Preenchimento de lacuna','2025-07-24','negative','Marfrig'),(634,'Preenchimento de lacuna','2025-07-25','negative','Marfrig'),(635,'Preenchimento de lacuna','2025-07-26','negative','Marfrig'),(636,'Preenchimento de lacuna','2025-07-27','negative','Marfrig'),(637,'Preenchimento de lacuna','2025-07-28','negative','Marfrig'),(638,'Preenchimento de lacuna','2025-07-29','negative','Marfrig'),(639,'Preenchimento de lacuna','2025-08-02','negative','Marfrig'),(640,'Preenchimento de lacuna','2025-08-03','negative','Marfrig'),(641,'Preenchimento de lacuna','2025-08-05','neutral','Marfrig'),(642,'Preenchimento de lacuna','2025-08-07','positive','Marfrig'),(643,'Preenchimento de lacuna','2025-08-09','positive','Marfrig'),(644,'Preenchimento de lacuna','2025-08-10','positive','Marfrig'),(645,'Preenchimento de lacuna','2025-08-11','positive','Marfrig'),(646,'Preenchimento de lacuna','2025-07-12','positive','SLC Agrícola'),(647,'Preenchimento de lacuna','2025-07-13','positive','SLC Agrícola'),(648,'Preenchimento de lacuna','2025-07-14','positive','SLC Agrícola'),(649,'Preenchimento de lacuna','2025-07-16','positive','SLC Agrícola'),(650,'Preenchimento de lacuna','2025-07-19','positive','SLC Agrícola'),(651,'Preenchimento de lacuna','2025-07-21','neutral','SLC Agrícola'),(652,'Preenchimento de lacuna','2025-07-22','neutral','SLC Agrícola'),(653,'Preenchimento de lacuna','2025-07-23','neutral','SLC Agrícola'),(654,'Preenchimento de lacuna','2025-07-24','neutral','SLC Agrícola'),(655,'Preenchimento de lacuna','2025-07-25','neutral','SLC Agrícola'),(656,'Preenchimento de lacuna','2025-07-27','neutral','SLC Agrícola'),(657,'Preenchimento de lacuna','2025-07-31','positive','SLC Agrícola'),(658,'Preenchimento de lacuna','2025-08-01','positive','SLC Agrícola'),(659,'Preenchimento de lacuna','2025-08-02','positive','SLC Agrícola'),(660,'Preenchimento de lacuna','2025-08-03','positive','SLC Agrícola'),(661,'Preenchimento de lacuna','2025-08-04','positive','SLC Agrícola'),(662,'Preenchimento de lacuna','2025-08-06','neutral','SLC Agrícola'),(663,'Preenchimento de lacuna','2025-08-07','neutral','SLC Agrícola'),(664,'Preenchimento de lacuna','2025-08-09','positive','SLC Agrícola'),(665,'Preenchimento de lacuna','2025-08-10','positive','SLC Agrícola'),(666,'Preenchimento de lacuna','2025-08-11','positive','SLC Agrícola');
/*!40000 ALTER TABLE `news` ENABLE KEYS */;
UNLOCK TABLES;

--
-- Table structure for table `prices`
--

DROP TABLE IF EXISTS `prices`;
/*!40101 SET @saved_cs_client     = @@character_set_client */;
/*!50503 SET character_set_client = utf8mb4 */;
CREATE TABLE `prices` (
  `date` date NOT NULL,
  `price` decimal(10,2) NOT NULL,
  `openingOrClosing` enum('opening','closing') NOT NULL,
  `assetName` varchar(100) NOT NULL,
  PRIMARY KEY (`date`,`openingOrClosing`,`assetName`),
  KEY `assetName` (`assetName`),
  CONSTRAINT `prices_ibfk_1` FOREIGN KEY (`assetName`) REFERENCES `assets` (`name`)
) ENGINE=InnoDB DEFAULT CHARSET=utf8mb4 COLLATE=utf8mb4_0900_ai_ci;
/*!40101 SET character_set_client = @saved_cs_client */;

--
-- Dumping data for table `prices`
--

LOCK TABLES `prices` WRITE;
/*!40000 ALTER TABLE `prices` DISABLE KEYS */;
INSERT INTO `prices` VALUES ('2025-07-11',21.18,'opening','Banco do Brasil'),('2025-07-11',3330.50,'opening','Gold'),('2025-07-11',23.56,'opening','Marfrig'),('2025-07-11',66.85,'opening','Oil'),('2025-07-11',18.04,'opening','SLC Agrícola'),('2025-07-11',1012.50,'opening','Soy'),('2025-07-11',5.53,'opening','USD/BRL'),('2025-07-11',21.14,'closing','Banco do Brasil'),('2025-07-11',3356.00,'closing','Gold'),('2025-07-11',23.00,'closing','Marfrig'),('2025-07-11',68.45,'closing','Oil'),('2025-07-11',18.20,'closing','SLC Agrícola'),('2025-07-11',1004.00,'closing','Soy'),('2025-07-11',5.53,'closing','USD/BRL'),('2025-07-12',21.18,'opening','Banco do Brasil'),('2025-07-12',23.56,'opening','Marfrig'),('2025-07-12',18.04,'opening','SLC Agrícola'),('2025-07-12',20.68,'closing','Banco do Brasil'),('2025-07-12',23.00,'closing','Marfrig'),('2025-07-12',18.14,'closing','SLC Agrícola'),('2025-07-13',21.18,'opening','Banco do Brasil'),('2025-07-13',23.56,'opening','Marfrig'),('2025-07-13',18.04,'opening','SLC Agrícola'),('2025-07-13',20.68,'closing','Banco do Brasil'),('2025-07-13',23.00,'closing','Marfrig'),('2025-07-13',18.14,'closing','SLC Agrícola'),('2025-07-14',21.12,'opening','Banco do Brasil'),('2025-07-14',3367.00,'opening','Gold'),('2025-07-14',22.91,'opening','Marfrig'),('2025-07-14',68.68,'opening','Oil'),('2025-07-14',18.09,'opening','SLC Agrícola'),('2025-07-14',1002.00,'opening','Soy'),('2025-07-14',5.57,'opening','USD/BRL'),('2025-07-14',20.68,'closing','Banco do Brasil'),('2025-07-14',3351.50,'closing','Gold'),('2025-07-14',23.00,'closing','Marfrig'),('2025-07-14',66.98,'closing','Oil'),('2025-07-14',18.14,'closing','SLC Agrícola'),('2025-07-14',997.00,'closing','Soy'),('2025-07-14',5.57,'closing','USD/BRL'),('2025-07-15',20.75,'opening','Banco do Brasil'),('2025-07-15',3341.00,'opening','Gold'),('2025-07-15',23.34,'opening','Marfrig'),('2025-07-15',66.86,'opening','Oil'),('2025-07-15',18.06,'opening','SLC Agrícola'),('2025-07-15',997.25,'opening','Soy'),('2025-07-15',5.59,'opening','USD/BRL'),('2025-07-15',20.90,'closing','Banco do Brasil'),('2025-07-15',3329.80,'closing','Gold'),('2025-07-15',23.60,'closing','Marfrig'),('2025-07-15',66.52,'closing','Oil'),('2025-07-15',18.22,'closing','SLC Agrícola'),('2025-07-15',995.00,'closing','Soy'),('2025-07-15',5.59,'closing','USD/BRL'),('2025-07-16',20.99,'opening','Banco do Brasil'),('2025-07-16',3341.20,'opening','Gold'),('2025-07-16',23.46,'opening','Marfrig'),('2025-07-16',66.73,'opening','Oil'),('2025-07-16',18.22,'opening','SLC Agrícola'),('2025-07-16',996.25,'opening','Soy'),('2025-07-16',5.55,'opening','USD/BRL'),('2025-07-16',20.88,'closing','Banco do Brasil'),('2025-07-16',3352.50,'closing','Gold'),('2025-07-16',23.20,'closing','Marfrig'),('2025-07-16',66.38,'closing','Oil'),('2025-07-16',18.38,'closing','SLC Agrícola'),('2025-07-16',1013.50,'closing','Soy'),('2025-07-16',5.55,'closing','USD/BRL'),('2025-07-17',20.84,'opening','Banco do Brasil'),('2025-07-17',3313.80,'opening','Gold'),('2025-07-17',23.19,'opening','Marfrig'),('2025-07-17',66.60,'opening','Oil'),('2025-07-17',18.41,'opening','SLC Agrícola'),('2025-07-17',1012.50,'opening','Soy'),('2025-07-17',5.57,'opening','USD/BRL'),('2025-07-17',20.74,'closing','Banco do Brasil'),('2025-07-17',3340.10,'closing','Gold'),('2025-07-17',23.26,'closing','Marfrig'),('2025-07-17',67.54,'closing','Oil'),('2025-07-17',18.18,'closing','SLC Agrícola'),('2025-07-17',1021.50,'closing','Soy'),('2025-07-17',5.57,'closing','USD/BRL'),('2025-07-18',20.60,'opening','Banco do Brasil'),('2025-07-18',3338.20,'opening','Gold'),('2025-07-18',22.89,'opening','Marfrig'),('2025-07-18',67.60,'opening','Oil'),('2025-07-18',18.18,'opening','SLC Agrícola'),('2025-07-18',1021.25,'opening','Soy'),('2025-07-18',5.55,'opening','USD/BRL'),('2025-07-18',20.26,'closing','Banco do Brasil'),('2025-07-18',3353.00,'closing','Gold'),('2025-07-18',22.64,'closing','Marfrig'),('2025-07-18',67.34,'closing','Oil'),('2025-07-18',18.20,'closing','SLC Agrícola'),('2025-07-18',1027.75,'closing','Soy'),('2025-07-18',5.55,'closing','USD/BRL'),('2025-07-19',20.60,'opening','Banco do Brasil'),('2025-07-19',22.89,'opening','Marfrig'),('2025-07-19',18.18,'opening','SLC Agrícola'),('2025-07-19',19.86,'closing','Banco do Brasil'),('2025-07-19',22.83,'closing','Marfrig'),('2025-07-19',18.09,'closing','SLC Agrícola'),('2025-07-20',20.60,'opening','Banco do Brasil'),('2025-07-20',22.89,'opening','Marfrig'),('2025-07-20',18.18,'opening','SLC Agrícola'),('2025-07-20',19.86,'closing','Banco do Brasil'),('2025-07-20',22.83,'closing','Marfrig'),('2025-07-20',18.09,'closing','SLC Agrícola'),('2025-07-21',20.36,'opening','Banco do Brasil'),('2025-07-21',3350.30,'opening','Gold'),('2025-07-21',22.55,'opening','Marfrig'),('2025-07-21',67.32,'opening','Oil'),('2025-07-21',18.20,'opening','SLC Agrícola'),('2025-07-21',1024.00,'opening','Soy'),('2025-07-21',5.58,'opening','USD/BRL'),('2025-07-21',19.86,'closing','Banco do Brasil'),('2025-07-21',3401.90,'closing','Gold'),('2025-07-21',22.83,'closing','Marfrig'),('2025-07-21',67.20,'closing','Oil'),('2025-07-21',18.09,'closing','SLC Agrícola'),('2025-07-21',1015.00,'closing','Soy'),('2025-07-21',5.58,'closing','USD/BRL'),('2025-07-22',19.99,'opening','Banco do Brasil'),('2025-07-22',3411.00,'opening','Gold'),('2025-07-22',22.88,'opening','Marfrig'),('2025-07-22',67.12,'opening','Oil'),('2025-07-22',18.19,'opening','SLC Agrícola'),('2025-07-22',1016.00,'opening','Soy'),('2025-07-22',5.57,'opening','USD/BRL'),('2025-07-22',19.89,'closing','Banco do Brasil'),('2025-07-22',3439.20,'closing','Gold'),('2025-07-22',23.00,'closing','Marfrig'),('2025-07-22',66.21,'closing','Oil'),('2025-07-22',17.93,'closing','SLC Agrícola'),('2025-07-22',1010.25,'closing','Soy'),('2025-07-22',5.57,'closing','USD/BRL'),('2025-07-23',19.95,'opening','Banco do Brasil'),('2025-07-23',3430.30,'opening','Gold'),('2025-07-23',22.92,'opening','Marfrig'),('2025-07-23',65.49,'opening','Oil'),('2025-07-23',17.95,'opening','SLC Agrícola'),('2025-07-23',1010.50,'opening','Soy'),('2025-07-23',5.56,'opening','USD/BRL'),('2025-07-23',20.21,'closing','Banco do Brasil'),('2025-07-23',3394.10,'closing','Gold'),('2025-07-23',23.22,'closing','Marfrig'),('2025-07-23',65.25,'closing','Oil'),('2025-07-23',18.04,'closing','SLC Agrícola'),('2025-07-23',1005.75,'closing','Soy'),('2025-07-23',5.56,'closing','USD/BRL'),('2025-07-24',20.19,'opening','Banco do Brasil'),('2025-07-24',3367.00,'opening','Gold'),('2025-07-24',23.04,'opening','Marfrig'),('2025-07-24',65.42,'opening','Oil'),('2025-07-24',17.94,'opening','SLC Agrícola'),('2025-07-24',1005.00,'opening','Soy'),('2025-07-24',5.52,'opening','USD/BRL'),('2025-07-24',20.07,'closing','Banco do Brasil'),('2025-07-24',3371.00,'closing','Gold'),('2025-07-24',22.98,'closing','Marfrig'),('2025-07-24',66.03,'closing','Oil'),('2025-07-24',17.95,'closing','SLC Agrícola'),('2025-07-24',1004.25,'closing','Soy'),('2025-07-24',5.52,'closing','USD/BRL'),('2025-07-25',20.19,'opening','Banco do Brasil'),('2025-07-25',3344.00,'opening','Gold'),('2025-07-25',23.00,'opening','Marfrig'),('2025-07-25',66.15,'opening','Oil'),('2025-07-25',17.91,'opening','SLC Agrícola'),('2025-07-25',1004.75,'opening','Soy'),('2025-07-25',5.52,'opening','USD/BRL'),('2025-07-25',20.24,'closing','Banco do Brasil'),('2025-07-25',3334.00,'closing','Gold'),('2025-07-25',23.26,'closing','Marfrig'),('2025-07-25',65.16,'closing','Oil'),('2025-07-25',17.99,'closing','SLC Agrícola'),('2025-07-25',998.75,'closing','Soy'),('2025-07-25',5.52,'closing','USD/BRL'),('2025-07-26',20.19,'opening','Banco do Brasil'),('2025-07-26',23.00,'opening','Marfrig'),('2025-07-26',17.91,'opening','SLC Agrícola'),('2025-07-26',19.94,'closing','Banco do Brasil'),('2025-07-26',22.91,'closing','Marfrig'),('2025-07-26',17.87,'closing','SLC Agrícola'),('2025-07-27',20.19,'opening','Banco do Brasil'),('2025-07-27',23.00,'opening','Marfrig'),('2025-07-27',17.91,'opening','SLC Agrícola'),('2025-07-27',19.94,'closing','Banco do Brasil'),('2025-07-27',22.91,'closing','Marfrig'),('2025-07-27',17.87,'closing','SLC Agrícola'),('2025-07-28',20.26,'opening','Banco do Brasil'),('2025-07-28',3326.60,'opening','Gold'),('2025-07-28',23.35,'opening','Marfrig'),('2025-07-28',65.15,'opening','Oil'),('2025-07-28',18.00,'opening','SLC Agrícola'),('2025-07-28',995.00,'opening','Soy'),('2025-07-28',5.57,'opening','USD/BRL'),('2025-07-28',19.94,'closing','Banco do Brasil'),('2025-07-28',3309.10,'closing','Gold'),('2025-07-28',22.91,'closing','Marfrig'),('2025-07-28',66.71,'closing','Oil'),('2025-07-28',17.87,'closing','SLC Agrícola'),('2025-07-28',988.75,'closing','Soy'),('2025-07-28',5.57,'closing','USD/BRL'),('2025-07-29',20.03,'opening','Banco do Brasil'),('2025-07-29',3323.40,'opening','Gold'),('2025-07-29',23.01,'opening','Marfrig'),('2025-07-29',67.04,'opening','Oil'),('2025-07-29',17.92,'opening','SLC Agrícola'),('2025-07-29',987.75,'opening','Soy'),('2025-07-29',5.59,'opening','USD/BRL'),('2025-07-29',19.95,'closing','Banco do Brasil'),('2025-07-29',3323.40,'closing','Gold'),('2025-07-29',23.05,'closing','Marfrig'),('2025-07-29',69.21,'closing','Oil'),('2025-07-29',18.14,'closing','SLC Agrícola'),('2025-07-29',981.75,'closing','Soy'),('2025-07-29',5.59,'closing','USD/BRL'),('2025-07-30',19.91,'opening','Banco do Brasil'),('2025-07-30',3325.80,'opening','Gold'),('2025-07-30',22.93,'opening','Marfrig'),('2025-07-30',69.34,'opening','Oil'),('2025-07-30',18.14,'opening','SLC Agrícola'),('2025-07-30',982.00,'opening','Soy'),('2025-07-30',5.57,'opening','USD/BRL'),('2025-07-30',19.90,'closing','Banco do Brasil'),('2025-07-30',3295.80,'closing','Gold'),('2025-07-30',23.72,'closing','Marfrig'),('2025-07-30',70.00,'closing','Oil'),('2025-07-30',18.25,'closing','SLC Agrícola'),('2025-07-30',967.75,'closing','Soy'),('2025-07-30',5.57,'closing','USD/BRL'),('2025-07-31',19.83,'opening','Banco do Brasil'),('2025-07-31',3272.90,'opening','Gold'),('2025-07-31',23.52,'opening','Marfrig'),('2025-07-31',70.30,'opening','Oil'),('2025-07-31',18.08,'opening','SLC Agrícola'),('2025-07-31',970.25,'opening','Soy'),('2025-07-31',5.58,'opening','USD/BRL'),('2025-07-31',19.70,'closing','Banco do Brasil'),('2025-07-31',3293.20,'closing','Gold'),('2025-07-31',21.30,'closing','Marfrig'),('2025-07-31',69.26,'closing','Oil'),('2025-07-31',18.33,'closing','SLC Agrícola'),('2025-07-31',961.75,'closing','Soy'),('2025-07-31',5.58,'closing','USD/BRL'),('2025-08-01',19.90,'opening','Banco do Brasil'),('2025-08-01',3286.20,'opening','Gold'),('2025-08-01',21.51,'opening','Marfrig'),('2025-08-01',69.35,'opening','Oil'),('2025-08-01',18.40,'opening','SLC Agrícola'),('2025-08-01',962.00,'opening','Soy'),('2025-08-01',5.60,'opening','USD/BRL'),('2025-08-01',18.35,'closing','Banco do Brasil'),('2025-08-01',3347.70,'closing','Gold'),('2025-08-01',21.42,'closing','Marfrig'),('2025-08-01',67.33,'closing','Oil'),('2025-08-01',18.14,'closing','SLC Agrícola'),('2025-08-01',961.75,'closing','Soy'),('2025-08-01',5.60,'closing','USD/BRL'),('2025-08-02',19.90,'opening','Banco do Brasil'),('2025-08-02',21.51,'opening','Marfrig'),('2025-08-02',18.40,'opening','SLC Agrícola'),('2025-08-02',18.72,'closing','Banco do Brasil'),('2025-08-02',21.33,'closing','Marfrig'),('2025-08-02',18.15,'closing','SLC Agrícola'),('2025-08-03',19.90,'opening','Banco do Brasil'),('2025-08-03',21.51,'opening','Marfrig'),('2025-08-03',18.40,'opening','SLC Agrícola'),('2025-08-03',18.72,'closing','Banco do Brasil'),('2025-08-03',21.33,'closing','Marfrig'),('2025-08-03',18.15,'closing','SLC Agrícola'),('2025-08-04',18.54,'opening','Banco do Brasil'),('2025-08-04',3367.60,'opening','Gold'),('2025-08-04',21.91,'opening','Marfrig'),('2025-08-04',66.85,'opening','Oil'),('2025-08-04',18.22,'opening','SLC Agrícola'),('2025-08-04',969.50,'opening','Soy'),('2025-08-04',5.54,'opening','USD/BRL'),('2025-08-04',18.72,'closing','Banco do Brasil'),('2025-08-04',3374.40,'closing','Gold'),('2025-08-04',21.33,'closing','Marfrig'),('2025-08-04',66.29,'closing','Oil'),('2025-08-04',18.15,'closing','SLC Agrícola'),('2025-08-04',969.00,'closing','Soy'),('2025-08-04',5.54,'closing','USD/BRL'),('2025-08-05',18.78,'opening','Banco do Brasil'),('2025-08-05',3378.50,'opening','Gold'),('2025-08-05',21.35,'opening','Marfrig'),('2025-08-05',66.21,'opening','Oil'),('2025-08-05',18.22,'opening','SLC Agrícola'),('2025-08-05',969.00,'opening','Soy'),('2025-08-05',5.50,'opening','USD/BRL'),('2025-08-05',18.62,'closing','Banco do Brasil'),('2025-08-05',3381.90,'closing','Gold'),('2025-08-05',22.09,'closing','Marfrig'),('2025-08-05',65.16,'closing','Oil'),('2025-08-05',18.09,'closing','SLC Agrícola'),('2025-08-05',969.00,'closing','Soy'),('2025-08-05',5.50,'closing','USD/BRL'),('2025-08-06',18.82,'opening','Banco do Brasil'),('2025-08-06',3380.70,'opening','Gold'),('2025-08-06',22.25,'opening','Marfrig'),('2025-08-06',65.15,'opening','Oil'),('2025-08-06',18.19,'opening','SLC Agrícola'),('2025-08-06',973.75,'opening','Soy'),('2025-08-06',5.50,'opening','USD/BRL'),('2025-08-06',18.70,'closing','Banco do Brasil'),('2025-08-06',3380.00,'closing','Gold'),('2025-08-06',22.16,'closing','Marfrig'),('2025-08-06',64.35,'closing','Oil'),('2025-08-06',17.65,'closing','SLC Agrícola'),('2025-08-06',961.50,'closing','Soy'),('2025-08-06',5.50,'closing','USD/BRL'),('2025-08-07',18.82,'opening','Banco do Brasil'),('2025-08-07',3384.90,'opening','Gold'),('2025-08-07',22.17,'opening','Marfrig'),('2025-08-07',64.36,'opening','Oil'),('2025-08-07',17.60,'opening','SLC Agrícola'),('2025-08-07',966.00,'opening','Soy'),('2025-08-07',5.46,'opening','USD/BRL'),('2025-08-07',18.91,'closing','Banco do Brasil'),('2025-08-07',3400.30,'closing','Gold'),('2025-08-07',22.10,'closing','Marfrig'),('2025-08-07',63.88,'closing','Oil'),('2025-08-07',17.28,'closing','SLC Agrícola'),('2025-08-07',971.75,'closing','Soy'),('2025-08-07',5.46,'closing','USD/BRL'),('2025-08-08',18.95,'opening','Banco do Brasil'),('2025-08-08',3438.80,'opening','Gold'),('2025-08-08',22.15,'opening','Marfrig'),('2025-08-08',63.85,'opening','Oil'),('2025-08-08',17.20,'opening','SLC Agrícola'),('2025-08-08',968.50,'opening','Soy'),('2025-08-08',5.41,'opening','USD/BRL'),('2025-08-08',18.93,'closing','Banco do Brasil'),('2025-08-08',3439.10,'closing','Gold'),('2025-08-08',22.24,'closing','Marfrig'),('2025-08-08',63.88,'closing','Oil'),('2025-08-08',17.32,'closing','SLC Agrícola'),('2025-08-08',966.75,'closing','Soy'),('2025-08-08',5.41,'closing','USD/BRL'),('2025-08-09',18.95,'opening','Banco do Brasil'),('2025-08-09',22.15,'opening','Marfrig'),('2025-08-09',17.20,'opening','SLC Agrícola'),('2025-08-09',19.10,'closing','Banco do Brasil'),('2025-08-09',22.28,'closing','Marfrig'),('2025-08-09',17.23,'closing','SLC Agrícola'),('2025-08-10',18.95,'opening','Banco do Brasil'),('2025-08-10',22.15,'opening','Marfrig'),('2025-08-10',17.20,'opening','SLC Agrícola'),('2025-08-10',19.10,'closing','Banco do Brasil'),('2025-08-10',22.28,'closing','Marfrig'),('2025-08-10',17.23,'closing','SLC Agrícola'),('2025-08-11',18.93,'opening','Banco do Brasil'),('2025-08-11',3383.90,'opening','Gold'),('2025-08-11',22.31,'opening','Marfrig'),('2025-08-11',63.48,'opening','Oil'),('2025-08-11',17.27,'opening','SLC Agrícola'),('2025-08-11',988.00,'opening','Soy'),('2025-08-11',5.43,'opening','USD/BRL'),('2025-08-11',19.10,'closing','Banco do Brasil'),('2025-08-11',3353.10,'closing','Gold'),('2025-08-11',22.28,'closing','Marfrig'),('2025-08-11',63.96,'closing','Oil'),('2025-08-11',17.23,'closing','SLC Agrícola'),('2025-08-11',989.50,'closing','Soy'),('2025-08-11',5.43,'closing','USD/BRL');
/*!40000 ALTER TABLE `prices` ENABLE KEYS */;
UNLOCK TABLES;

--
-- Table structure for table `selic`
--

DROP TABLE IF EXISTS `selic`;
/*!40101 SET @saved_cs_client     = @@character_set_client */;
/*!50503 SET character_set_client = utf8mb4 */;
CREATE TABLE `selic` (
  `definitionDate` date NOT NULL,
  `rate` decimal(2,2) NOT NULL,
  PRIMARY KEY (`definitionDate`)
) ENGINE=InnoDB DEFAULT CHARSET=utf8mb4 COLLATE=utf8mb4_0900_ai_ci;
/*!40101 SET character_set_client = @saved_cs_client */;

--
-- Dumping data for table `selic`
--

LOCK TABLES `selic` WRITE;
/*!40000 ALTER TABLE `selic` DISABLE KEYS */;
/*!40000 ALTER TABLE `selic` ENABLE KEYS */;
UNLOCK TABLES;
/*!40103 SET TIME_ZONE=@OLD_TIME_ZONE */;

/*!40101 SET SQL_MODE=@OLD_SQL_MODE */;
/*!40014 SET FOREIGN_KEY_CHECKS=@OLD_FOREIGN_KEY_CHECKS */;
/*!40014 SET UNIQUE_CHECKS=@OLD_UNIQUE_CHECKS */;
/*!40101 SET CHARACTER_SET_CLIENT=@OLD_CHARACTER_SET_CLIENT */;
/*!40101 SET CHARACTER_SET_RESULTS=@OLD_CHARACTER_SET_RESULTS */;
/*!40101 SET COLLATION_CONNECTION=@OLD_COLLATION_CONNECTION */;
/*!40111 SET SQL_NOTES=@OLD_SQL_NOTES */;

-- Dump completed on 2025-08-12 20:17:42
